ID,Value
50,Value50
51,Value51
52,Value52
53,Value53
54,Value54
55,Value55
56,Value56
57,Value57
58,Value58
59,Value59
60,Value60
61,Value61
62,Value62
63,Value63
64,Value64
65,Value65
66,Value66
67,Value67
68,Value68
69,Value69
70,Value70
71,Value71
72,Value72
73,Value73
74,Value74
75,Value75
76,Value76
77,Value77
78,Value78
79,Value79
80,Value80
81,Value81
82,Value82
83,Value83
84,Value84
85,Value85
86,Value86
87,Value87
88,Value88
89,Value89
90,Value90
91,Value91
92,Value92
93,Value93
94,Value94
95,Value95
96,Value96
97,Value97
98,Value98
99,Value99
100,Value100
101,Value101
102,Value102
103,Value103
104,Value104
105,Value105
106,Value106
107,Value107
108,Value108
109,Value109
110,Value110
111,Value111
112,Value112
113,Value113
114,Value114
115,Value115
116,Value116
117,Value117
118,Value118
119,Value119
120,Value120
121,Value121
122,Value122
123,Value123
124,Value124
125,Value125
126,Value126
127,Value127
128,Value128
129,Value129
130,Value130
131,Value131
132,Value132
133,Value133
134,Value134
135,Value135
136,Value136
137,Value137
138,Value138
139,Value139
140,Value140
141,Value141
142,Value142
143,Value143
144,Value144
145,Value145
146,Value146
147,Value147
148,Value148
149,Value149
